House_ID,Area_sqft,Bedrooms,Age_years,Distance_to_City_km,City,Price
1060,2284.0,3.0,47.0,29.4,Bangalore,274910.0
1034,1393.0,3.0,31.0,20.0,Bangalore,181773.0
1070,,2.0,47.0,29.4,Bangalore,206113.0
1147,1494.0,2.0,32.0,19.6,Pune,
1032,1597.0,2.0,26.0,6.7,Mumbai,224384.0
1109,2220.0,3.0,46.0,16.9,Pune,269259.0
1098,1301.0,3.0,46.0,2.0,Pune,212520.0
1015,2034.0,3.0,39.0,27.6,Pune,229310.0
1054,1640.0,3.0,4.0,25.7,Pune,273467.0
1045,1858.0,2.0,45.0,23.4,pune,167279.0
1149,2333.0,2.0,0.0,7.1,Bangalore,388375.0
1091,,2.0,46.0,18.7,Pune,263627.0
1079,2113.0,2.0,8.0,21.3,Delhi,304552.0
1104,2169.0,2.0,4.0,21.4,Mumbai,328051.0
1006,1149.0,3.0,18.0,18.1,Bangalore,122873.0
1086,,2.0,23.0,4.5,Delhi,331395.0
1017,1984.0,3.0,33.0,4.2,Pune,314928.0
1142,1305.0,2.0,39.0,23.4,Mumbai,149345.0
1090,2023.0,3.0,38.0,13.4,Pune,289443.0
1096,1076.0,1.0,29.0,18.1,Bangalore,107165.0
1092,1751.0,2.0,39.0,19.4,Mumbai,235469.0
1126,1978.0,3.0,7.0,,Pune,322633.0
1093,1588.0,1.0,,12.9,Mumbai,227077.0
1101,1611.0,2.0,39.0,7.5,Mumbai,213181.0
1094,1760.0,1.0,24.0,12.9,Delhi,269443.0
1041,2172.0,4.0,29.0,25.6,Mumbai,227380.0
1030,2015.0,3.0,40.0,5.1,mumbai,282151.0
1043,1467.0,2.0,25.0,24.2,Bangalore,236783.0
1055,1565.0,1.0,26.0,5.5,Pune,229899.0
1117,1916.0,3.0,40.0,15.6, DELHI ,232001.0
1036,,4.0,14.0,1.2,Mumbai,402778.0
1020,1775.0,3.0,24.0,9.2,Delhi,223510.0
1115,1836.0,3.0,36.0,26.7,Pune,218826.0
1105,1333.0,2.0,24.0,19.8,Delhi,108556.0
1078,1879.0,4.0,30.0,17.8,Pune,221959.0
1131,1605.0,3.0,27.0,22.5,Pune,178643.0
1059,1367.0,1.0,47.0,21.6,Bangalore,93483.0
1123,1910.0,3.0,26.0,4.4,Pune,313642.0
1057,1662.0,2.0,36.0,6.6,delhi,232850.0
1029,2006.0,3.0,10.0,8.0,Bangalore,321941.0
1052,2116.0,4.0,36.0,22.6,Bangalore,243140.0
1111,2017.0,3.0,10.0,19.2,Delhi,284522.0
1067,1626.0,3.0,49.0,6.0,Bangalore,236785.0
1018,1321.0,2.0,45.0,29.9,Delhi,137973.0
1121,1288.0,1.0,39.0,25.3,Pune,139037.0
1128,1206.0,1.0,7.0,10.7,Delhi,136763.0
1150,1879.0,3.0,35.0,,Pune,213353.0
1074,2049.0,2.0,29.0,17.6,Bangalore,250689.0
1019,2239.0,3.0,42.0,26.5,,287002.0
1049,2139.0,3.0,31.0,6.9,Delhi,291865.0
1005,824.0,1.0,25.0,4.5,Delhi,76556.0
1046,1909.0,2.0,6.0,21.2,Delhi,256188.0
1076,2145.0,3.0,4.0,28.4,Bangalore,289110.0
1040,2125.0,4.0,10.0,7.9,Delhi,315985.0
1037,1743.0,3.0,8.0,2.5,Pune,278664.0
1120,1680.0,,13.0,10.1,Pune,245512.0
1143,734.0,2.0,30.0,10.0,Pune,95557.0
1110,936.0,1.0,38.0,13.5,Delhi,77571.0
1013,1833.0,4.0,11.0,13.8,Bangalore,268112.0
1148,1730.0,2.0,49.0,1.3,Pune,267594.0
1085,1202.0,1.0,23.0,14.8,Delhi,117679.0
1125,2218.0,4.0,15.0,25.4, BANGALORE ,307398.0
1006,1149.0,3.0,18.0,18.1,Bangalore,122873.0
1012,2189.0,3.0,34.0,14.3,bangalore,
1124,2480.0,5.0,15.0,3.1,Bangalore,384873.0
1003,2175.0,2.0,16.0,25.7,Pune,289826.0
1122,1890.0,3.0,18.0,15.3,Pune,272709.0
1007,1864.0,3.0,36.0,20.9,Bangalore,228360.0
1001,1952.0,3.0,,28.6,Delhi,278578.0
1113,1503.0,2.0,36.0,15.9,Mumbai,183173.0
1066,2197.0,4.0,39.0,21.6,Pune,307131.0
1056,1481.0,2.0,46.0,22.3,Pune,915402.0
1106,1697.0,3.0,32.0,19.9, MUMBAI ,199332.0
1137,1957.0,3.0,8.0,18.4,Pune,320879.0
1047,2236.0,4.0,47.0,25.3,Mumbai,274694.0
1063,1881.0,3.0,20.0,18.9,Pune,256546.0
1075,1871.0,3.0,2.0,5.2,Pune,301291.0
1119,2601.0,4.0,31.0,24.2,Mumbai,367714.0
1095,956.0,3.0,11.0,7.3,Bangalore,146217.0
1103,,4.0,36.0,17.4,Delhi,213256.0
1091,,2.0,46.0,18.7,Pune,263627.0
1011,2240.0,3.0,9.0,9.6,Mumbai,1821156.0
1035,2108.0,3.0,3.0,2.0,,337008.0
1033,1544.0,2.0,38.0,27.4,Mumbai,165703.0
1127,2532.0,3.0,,9.1,Bangalore,327453.0
1039,1388.0,1.0,1.0,24.2,Mumbai,208866.0
1084,1609.0,3.0,28.0,12.7,Bangalore,210553.0
1114,1077.0,1.0,16.0,22.4,Pune,93380.0
1121,1288.0,1.0,39.0,25.3,Pune,139037.0
1028,1983.0,3.0,32.0,1.8,Delhi,325996.0
1024,1723.0,2.0,26.0,20.3,Bangalore,184707.0
1068,1569.0,3.0,39.0,3.7,Delhi,213274.0
1010,1373.0,1.0,18.0,24.9,Pune,161541.0
1133,2118.0,4.0,36.0,25.0,Pune,303000.0
1100,1347.0,1.0,5.0,14.7,Mumbai,177329.0
1108,1630.0,2.0,20.0,23.8,Bangalore,144991.0
1136,1292.0,2.0,36.0,5.5,Bangalore,160578.0
1088,1806.0,2.0,26.0,9.1,Delhi,320315.0
1099,2000.0,5.0,42.0,13.1,Delhi,326909.0
1144,1934.0,1.0,23.0,20.9,Pune,258868.0
1112,1919.0,3.0,33.0,11.5,Delhi,301224.0
1065,2156.0,3.0,22.0,26.6,Pune,253506.0
1016,1370.0,1.0,47.0,23.7,Mumbai,116035.0
1083,1618.0,3.0,0.0,15.7,Mumbai,254259.0
1042,2072.0,3.0,,2.7,Delhi,357723.0
1081,2028.0,2.0,6.0,28.3,Delhi,199931.0
1053,1071.0,2.0,29.0,19.3,Bangalore,139780.0
1027,2066.0,4.0,24.0,27.0,Delhi,240734.0
1077,1586.0,4.0,26.0,9.7,Delhi,199609.0
1044,1916.0,4.0,43.0,,Pune,220818.0
1025,1586.0,1.0,48.0,19.9,Mumbai,184108.0
1139,2798.0,4.0,47.0,11.6,Delhi,419583.0
1118,1811.0,3.0,38.0,16.1,Delhi,218436.0
1132,1112.0,1.0,21.0,1.4,Bangalore,169996.0
1050,1834.0,3.0,4.0,4.6,Mumbai,318489.0
1022,1460.0,,16.0,4.1,,204492.0
1071,1162.0,2.0,-12.0,14.3,Delhi,162855.0
1004,2270.0,3.0,18.0,19.5,Mumbai,365082.0
1146,1592.0,2.0,18.0,,Delhi,235054.0
1031,9500.0,5.0,27.0,23.5,Delhi,443879.0
1041,2172.0,4.0,29.0,25.6,Mumbai,227380.0
1107,1325.0,2.0,36.0,10.2,Pune,157290.0
1048,1912.0,,30.0,2.2,Mumbai,285552.0
1116,1535.0,3.0,44.0,27.7,,191629.0
1014,,3.0,14.0,9.8,Bangalore,393361.0
1089,2040.0,2.0,36.0,9.8,bangalore,
1009,1792.0,2.0,21.0,14.2,Bangalore,270715.0
1082,1469.0,,28.0,5.3,Pune,237521.0
1061,959.0,2.0,8.0,18.7,Pune,116138.0
1129,1480.0,3.0,4.0,6.0,Bangalore,264544.0
1002,1280.0,1.0,11.0,4.4,Mumbai,168541.0
1058,2547.0,3.0,6.0,8.9,Pune,413781.0
1023,2411.0,3.0,23.0,30.0,Bangalore,315832.0
1062,1633.0,1.0,40.0,2.6,Mumbai,276646.0
1064,2093.0,3.0,29.0,2.2,Delhi,368047.0
1008,1642.0,3.0,16.0,1.4,Bangalore,259385.0
1087,1565.0,1.0,33.0,4.9,Pune,229534.0
1097,1139.0,1.0,6.0,10.2,Pune,155972.0
1069,2229.0,3.0,46.0,6.3,Bangalore,325635.0
1051,1945.0,3.0,31.0,15.6, BANGALORE ,281963.0
1140,3257.0,5.0,46.0,28.8,Bangalore,406646.0
1102,2450.0,4.0,5.0,17.6,Delhi,2273112.0
1021,1708.0,2.0,38.0,25.3,Delhi,208201.0
1026,1624.0,2.0,42.0,3.6,Delhi,212635.0
1135,1065.0,1.0,6.0,11.8,Delhi,
1072,1233.0,2.0,12.0,23.7, DELHI ,108601.0
1130,1337.0,2.0,46.0,10.1,Bangalore,161126.0
1145,1394.0,2.0,6.0,21.5,Bangalore,181258.0
1080,1645.0,2.0,,19.8,Bangalore,212982.0
1134,1689.0,3.0,19.0,25.8,Pune,158732.0
1138,2219.0,3.0,27.0,4.5,Bangalore,348365.0
1073,1340.0,2.0,36.0,19.5,Pune,155411.0
1141,2007.0,3.0,18.0,29.9,Mumbai,226112.0
1038,1380.0,1.0,36.0,,Mumbai,145809.0
